<?xml version="1.0" encoding="UTF-8" ?>
<!DOCTYPE struts PUBLIC
	"-//Apache Software Foundation//DTD Struts Configuration 2.3//EN"
	"http://struts.apache.org/dtds/struts-2.3.dtd">
	
<struts>
	
	 <package name="order" namespace="/order" extends="basic" >
	 	
	 	<default-class-ref class="OrderAction"/>
	 	
	 	<!-- 添加订单 -->
	 	<action name="AddOrderAction" method="addOrder">
	 	
	 		<!-- 防止重复提交 -->
	 		<interceptor-ref name="token"/>
	 		<interceptor-ref name="defaultStack"/>
	 		
	 		<result>/success.jsp</result>
	 		<!-- 重复提交跳转视图 -->
	 		<result name="invalid.token" type="redirectAction">
	 			<param name="namespace">/goods</param>
	 			<param name="actionName">IndexAction</param>
	 			<param name="method">getGoodsList</param>
	 		</result>
	 		
	 	</action>
	 	
	 </package>
	 
	
</struts>